Event,Count,SysTime
Lick0,0,526397.48201599997
Feed0,8,526397.48800000001
Lick1,1,526397.52399999998
Lick1,2,526397.718016
Lick1,0,526397.81999999995
Feed1,68,526397.83200000005
Lick1,1,526398.26201599999
Lick1,2,526398.39801600005
Lick1,0,526398.91001600004
Feed1,69,526398.91801599995
Lick1,1,526399.01199999999
Lick1,2,526399.25001600001
Lick1,0,526399.48800000001
Feed1,70,526399.49801600003
Lick1,1,526399.62201599998
Lick1,2,526399.76201599999
Lick1,0,526399.86399999994
Feed1,71,526399.87199999997
Lick1,1,526400.23596800002
Lick1,2,526400.37196799996
Lick1,0,526400.74598400004
Feed1,72,526400.75596800004
Lick1,1,526401.08396800002
Lick1,2,526401.46198400005
Lick1,0,526401.96998399997
Feed1,73,526401.97996799997
Lick1,1,526402.10793599999
Lick1,2,526402.345952
Lick1,0,526402.48195199994
Feed1,74,526402.49193599995
Lick1,1,526402.71795199998
Lick1,2,526402.85395200003
Lick1,0,526402.99395200005
Feed1,75,526402.99993599998
Lick1,1,526403.26393599994
Lick1,2,526403.39795200003
Lick1,0,526403.53395199997
Feed1,76,526403.54595199996
Lick1,1,526403.63593600004
Lick1,2,526403.77593600005
Lick1,0,526403.90995200002
Feed1,77,526403.91795200005
Lick1,1,526404.14793600002
Lick1,2,526404.24995199998
Lick1,0,526404.38595200004
Feed1,78,526404.39795200003
Lick1,1,526404.519936
Lick1,2,526404.73993599997
Lick1,0,526404.99990399997
Feed1,79,526405.007904
Lick1,1,526405.71190400003
Lick1,2,526405.94992000004
Lick1,0,526406.08591999998
Feed1,80,526406.09791999997
Lick1,1,526406.22390400001
Lick1,2,526406.86790399998
Lick1,0,526407.00592000003
Feed1,81,526407.01590400003
Lick1,1,526407.85392000002
Lick1,2,526407.98991999996
Lick1,0,526408.12787199998
Feed1,82,526408.137888
Lick1,1,526408.26387200004
Lick1,2,526408.46988800005
Lick1,0,526408.70588799997
Feed1,83,526408.713888
Lick1,1,526408.84188800002
Lick1,2,526408.97587199998
Lick1,0,526409.11187200004
Feed1,84,526409.12387200003
Lick1,1,526409.25187200005
Lick1,2,526409.38588800002
Lick1,0,526410.54185599997
Feed1,85,526410.55385599995
Lick1,1,526410.74585599999
Lick1,2,526410.88185600005
Lick1,0,526411.15584000002
Feed1,86,526411.16384000005
Lick1,1,526411.42585600005
Lick1,2,526411.56185599999
Lick1,0,526411.69984000002
Feed1,87,526411.70784000005
Lick1,1,526412.07385599997
Lick1,2,526412.37983999995
Lick1,0,526412.51584000001
Feed1,88,526412.52384000004
Lick1,1,526412.65183999995
Lick1,2,526412.78585600003
Lick1,0,526413.32982400001
Feed1,89,526413.341824
Lick1,1,526413.46582399996
Lick1,2,526413.60380799999
Lick1,0,526413.73990399996
Feed1,90,526413.74780799996
Lick1,1,526413.87580799998
Lick1,2,526414.00982399995
Lick1,0,526414.14582400001
Feed1,91,526414.15782399999
Lick1,1,526414.75980799994
Lick1,2,526414.99782399996
Lick1,0,526415.54182399996
Feed1,92,526415.54982399999
Lick1,1,526415.67782400001
Lick1,2,526415.81180799997
Lick1,0,526416.49177600001
Feed1,93,526416.50579199998
Lick1,1,526416.63177600002
Lick1,2,526416.90179200005
Lick1,0,526417.20979200001
Feed1,94,526417.21779200004
Lick1,1,526417.34377599997
Lick1,2,526417.71779200004
Lick1,0,526417.85577599995
Feed1,95,526417.86377599998
Lick1,1,526417.99177600001
Lick1,2,526418.26176000002
Lick1,0,526418.63775999995
Feed1,96,526418.64774399996
Lick1,1,526419.17974399996
Lick1,2,526419.31776000001
Lick1,0,526419.45375999995
Feed1,97,526419.46175999998
Lick1,1,526419.82576000004
Lick1,2,526420.03174400004
Lick1,0,526420.54374400002
Feed1,98,526420.55174400005
Lick1,1,526420.67775999999
Lick1,2,526420.81376000005
Lick1,0,526421.121728
Feed1,99,526421.12972800003
Lick1,1,526421.49372799997
Lick1,2,526421.62771200004
Lick1,0,526421.93571200001
Feed1,100,526421.94771199999
Lick1,1,526422.61571200006
Lick1,2,526422.751712
Lick1,0,526422.92371200002
Feed1,101,526422.93571200001
Lick1,1,526423.49971200002
Lick1,2,526423.60371199995
Lick1,0,526423.73772800004
Feed1,102,526423.74972800002
Lick1,1,526423.87372799998
Lick1,2,526424.00768000004
Lick1,0,526424.31568
Feed1,103,526424.32767999999
Lick1,1,526424.45168000006
Lick1,2,526424.58969599998
Lick1,0,526424.72569600004
Feed1,104,526424.73769600003
Lick1,1,526425.09769600001
Lick1,2,526425.37167999998
Lick1,0,526425.50768000004
Feed1,105,526425.51968000003
Lick1,1,526425.64169600001
Lick1,2,526425.77769599995
Lick1,0,526425.913696
Feed1,106,526425.92569599999
Lick1,1,526426.49366399995
Lick1,2,526426.62966400001
Lick1,0,526426.76364799996
Feed1,107,526426.77766400005
Lick1,1,526427.03564799996
Lick1,2,526427.173664
Lick1,0,526427.47766400001
Feed1,108,526427.48966399999
Lick1,1,526427.75164799998
Lick1,2,526428.32966399996
Lick1,0,526428.46566400002
Feed1,109,526428.47564800002
Lick1,1,526428.77164799999
Lick1,2,526429.04163200001
Lick1,0,526429.14361599996
Feed1,110,526429.15763200005
Lick1,1,526429.41961600003
Lick1,2,526429.553632
Lick1,0,526430.09961599996
Feed1,111,526430.11161599995
Lick1,1,526430.26563200005
Lick1,2,526430.94761599996
Lick1,0,526431.38959999999
Feed1,112,526431.40159999998
Lick1,1,526432.24159999995
Lick1,2,526432.37558400002
Lick1,0,526432.64560000005
Feed1,113,526432.65958400001
Lick1,1,526433.08959999995
Lick1,2,526433.22758399998
Lick0,0,526436.55756800005
Feed0,9,526436.56956800004
Lick1,1,526436.57756799995
Lick1,2,526436.659552
Lick1,0,526437.30752000003
Feed1,114,526437.31952000002
Lick0,1,526443.52947199997
Lick1,2,526443.537472
Lick1,0,526443.63145600003
Feed1,115,526443.64345600002
Lick0,1,526460.08326400002
Lick1,2,526460.095264
Lick1,0,526460.22326400003
Feed1,116,526460.23126399994
Lick1,1,526460.595264
Lick1,2,526461.10323200002
Lick1,0,526461.649248
Feed1,117,526461.66124799999
Lick1,1,526461.82124800002
Lick1,2,526462.05724800006
Lick1,0,526462.16124799999
Feed1,118,526462.16924800002
Lick1,1,526462.41523200006
Lick1,2,526462.53324799996
Lick1,0,526462.84124800004
Feed1,119,526462.84924799995
Lick1,1,526463.07724799996
Lick1,2,526463.34723199997
Lick1,0,526463.52124799998
Feed1,120,526463.52723200002
Lick1,1,526463.99523200002
Lick1,2,526464.13119999995
Lick1,0,526464.40121599997
Feed1,121,526464.41321599996
Lick1,1,526464.70921600005
Lick1,2,526464.94720000005
Lick1,0,526465.52320000005
Feed1,122,526465.53520000004
Lick1,1,526465.69519999996
Lick1,2,526466.10121600004
Lick1,0,526466.47721599997
Feed1,123,526466.48719999997
Lick1,1,526466.57920000004
Lick1,2,526466.81920000003
Lick1,0,526467.08918400004
Feed1,124,526467.10118400003
Lick1,1,526467.56316799996
Lick1,2,526467.69916800002
Lick1,0,526468.07516799995
Feed1,125,526468.08716800006
Lick1,1,526468.58316799998
Lick1,2,526469.09513599996
Lick1,0,526469.33315199998
Feed1,126,526469.34515199997
Lick1,1,526469.67315199994
Lick1,2,526469.77513600001
Lick1,0,526470.01315200003
Feed1,127,526470.02515200002
Lick1,1,526470.52115199994
Lick1,2,526470.86115200003
Lick1,0,526470.99513599998
Feed1,128,526471.00713599997
Lick1,1,526471.439136
Lick1,2,526471.64313600003
Lick1,0,526471.77913599997
Feed1,129,526471.79113599996
Lick1,1,526471.91715200001
Lick1,2,526472.05312000006
Lick1,0,526472.45910400001
Feed1,130,526472.471104
Lick1,1,526472.66310400004
Lick1,2,526472.79910399998
Lick1,0,526473.31110399996
Feed1,131,526473.32310399995
Lick1,1,526474.15711999999
Lick1,2,526474.53510400001
Lick1,0,526474.77312000003
Feed1,132,526474.78112000006
Lick1,1,526475.14508799999
Lick1,2,526475.28108800005
Lick1,0,526475.415072
Feed1,133,526475.42707199999
Lick1,1,526475.96108799998
Lick1,2,526476.09507200005
Lick1,0,526476.23507199995
Feed1,134,526476.24307199998
Lick1,1,526476.36908800004
Lick1,2,526476.50508799998
Lick1,0,526476.77507199999
Feed1,135,526476.78707199998
Lick1,1,526476.91107200005
Lick0,2,526479.25705599994
Lick1,0,526479.26505599997
Feed1,136,526479.27705599996
Lick0,1,526480.24300799996
Lick1,2,526480.25302399998
Lick1,0,526480.37900800002
Feed1,137,526480.39100800001
Lick1,1,526480.51500799996
Lick1,2,526480.78902400006
Lick0,0,526489.32092800003
Feed0,10,526489.32892799994
Lick1,1,526489.33692799998
Lick1,2,526489.62291200005
Lick1,0,526490.16892800003
Feed1,138,526490.18092800002
Lick0,1,526520.31254399999
Lick1,2,526520.32454399997
Lick0,0,526525.31046399998
Feed0,11,526525.32246399997
Lick1,1,526525.330464
Lick1,2,526525.65046399995
Lick1,0,526526.09247999999
Feed1,139,526526.10447999998
Lick1,1,526526.36246400001
Lick0,2,526555.99212800001
Lick1,0,526556.004128
Feed1,140,526556.01612799999
Lick0,1,526556.64012800006
Lick1,2,526556.64812799997
Lick1,0,526557.04809599998
Feed1,141,526557.05609600001
Lick1,1,526557.52409600001
Lick1,2,526557.79408000002
Lick1,0,526558.08409599995
Feed1,142,526558.09407999995
Lick1,1,526558.40809599997
Lick1,2,526558.88409599999
Lick1,0,526559.08409599995
Feed1,143,526559.09609600005
Lick1,1,526559.69808
Lick1,2,526559.90409600001
Lick1,0,526560.00204799999
Feed1,144,526560.01404799998
Lick1,1,526560.14204800001
Lick1,2,526560.51404799998
Lick1,0,526560.65004800004
Feed1,145,526560.66204800003
Lick1,1,526561.02204800001
Lick1,2,526561.36204799998
Lick1,0,526561.49804800004
Feed1,146,526561.51004800003
Lick1,1,526562.01004800003
Lick1,2,526562.24604799994
Lick1,0,526562.62006400002
Feed1,147,526562.63212800003
Lick1,1,526562.85804800002
Lick1,2,526562.99606399995
Lick1,0,526563.13212800003
Feed1,148,526563.14403199998
Lick1,1,526563.64003200002
Lick1,2,526563.87603199994
Lick1,0,526564.012032
Feed1,149,526564.02403199999
Lick1,1,526564.52403199999
Lick1,2,526564.72803200001
Lick1,0,526564.96601600002
Feed1,150,526564.97801600001
Lick1,1,526565.10201599996
Lick1,2,526565.34003199998
Lick1,0,526565.47401600005
Feed1,151,526565.48601600004
Lick1,1,526565.61001599999
Lick1,2,526565.74803200003
Lick1,0,526565.98601600004
Feed1,152,526565.99401599995
Lick1,1,526566.08799999999
Lick1,2,526566.22400000005
Lick1,0,526566.357984
Feed1,153,526566.36998399999
Lick1,1,526566.49398399994
Lick1,2,526567.00598400005
Lick1,0,526567.27599999995
Feed1,154,526567.28799999994
Lick1,1,526567.41200000001
Lick1,2,526568.46396800003
Lick1,0,526569.11196799995
Feed1,155,526569.12396800006
Lick1,1,526569.68796799995
Lick1,2,526570.06195200002
Lick1,0,526570.19596799999
Feed1,156,526570.20995199995
Lick1,1,526570.43795199995
Lick1,2,526570.57395200001
Lick1,0,526570.81196800002
Feed1,157,526570.82396800001
Lick1,1,526570.94595199998
Lick1,2,526571.59392000001
Lick1,0,526572.10192000004
Feed1,158,526572.11392000003
Lick1,1,526572.67792000005
Lick1,2,526572.81391999999
Lick1,0,526572.94992000004
Feed1,159,526572.96192000003
Lick1,1,526573.52992
Lick1,2,526573.66592000006
Lick1,0,526574.17388799996
Feed1,160,526574.18588799995
Lick1,1,526574.30790400004
Lick1,2,526574.44790399994
Lick1,0,526574.58188800002
Feed1,161,526574.59590399999
Lick1,1,526574.71788799996
Lick1,2,526574.85388800001
Lick1,0,526574.98790399998
Feed1,162,526575.00188800006
Lick1,1,526575.77190399996
Lick1,2,526575.90588800004
Lick1,0,526576.45190400002
Feed1,163,526576.463904
Lick1,1,526576.89388800005
Lick1,2,526577.02790400002
Lick1,0,526577.39990399999
Feed1,164,526577.41388799995
Lick1,1,526577.539904
Lick1,2,526577.97788799996
Lick1,0,526578.21587199997
Feed1,165,526578.22787199996
Lick1,1,526578.35587199999
Lick1,2,526578.625856
Lick1,0,526579.91587200004
Feed1,166,526579.92787200003
Lick1,1,526580.08787199995
Lick1,2,526580.45987200004
Lick1,0,526580.56185599999
Feed1,167,526580.57587199996
Lick1,1,526580.93587199994
Lick1,2,526581.07183999999
Lick1,0,526581.20982400002
Feed1,168,526581.21782400005
Lick1,1,526581.34582399996
Lick1,2,526581.47984000004
Lick1,0,526581.71782400005
Feed1,169,526581.72982400004
Lick1,1,526582.05782400002
Lick1,2,526582.19382399996
Lick1,0,526582.46784000006
Feed1,170,526582.47583999997
Lick1,1,526582.60182400001
Lick1,2,526583.00783999998
Lick1,0,526583.14384000003
Feed1,171,526583.15584000002
Lick1,1,526583.38384000002
Lick1,2,526584.199808
Lick1,0,526584.33580799995
Feed1,172,526584.34780800005
Lick1,1,526584.97779200005
Lick1,2,526585.21980800002
Lick1,0,526586.13779199996
Feed1,173,526586.145792
Lick1,1,526586.47779200005
Lick1,2,526586.61180800002
Lick1,0,526586.81779200002
Feed1,174,526586.82579200005
Lick1,1,526587.05580800003
Lick1,2,526587.18979199999
Lick1,0,526587.56380799995
Feed1,175,526587.57580800005
Lick1,1,526587.69779200002
Lick1,2,526588.06975999998
Lick1,0,526588.27577599999
Feed1,176,526588.28777599998
Lick1,1,526588.40975999995
Lick1,2,526588.54975999997
Lick1,0,526588.92176000006
Feed1,177,526588.93376000004
Lick1,1,526589.05776
Lick1,2,526589.32777600002
Lick1,0,526589.46777600003
Feed1,178,526589.47577599995
Lick1,1,526589.63577599998
Lick1,2,526589.76976000005
Lick1,0,526589.90575999999
Feed1,179,526589.91775999998
Lick1,1,526590.04377600003
Lick1,2,526590.17977599998
Lick1,0,526590.31577600003
Feed1,180,526590.32777600002
Lick1,1,526590.82377599995
Lick1,2,526591.09772800002
Lick1,0,526591.67574400001
Feed1,181,526591.687744
Lick1,1,526591.80972799996
Lick1,2,526592.48972800002
Lick1,0,526592.62572799996
Feed1,182,526592.63772799994
Lick1,1,526592.75974400004
Lick1,2,526592.89974400005
Lick1,0,526593.30572800001
Feed1,183,526593.31772799999
Lick1,1,526593.43974399997
Lick1,2,526594.25571199995
Lick1,0,526594.79971199995
Feed1,184,526594.81171200005
Lick1,1,526595.31171200005
Lick1,2,526595.44771199999
Lick1,0,526596.02371199999
Feed1,185,526596.03571199998
Lick1,1,526596.76969600003
Lick1,2,526596.90969600005
Lick1,0,526597.38367999997
Feed1,186,526597.39168
Lick1,1,526597.55168000003
Lick0,2,526601.18963200005
Lick1,0,526601.19763199997
Feed1,187,526601.20963199995
Lick0,1,526601.97164799995
Lick1,2,526601.97964799998
Lick0,0,526601.999648
Feed0,12,526602.00764800003
Lick1,1,526602.06963200006
Lick1,2,526602.31164800003
Lick1,0,526602.44764799997
Feed1,188,526602.45964799996
Lick1,1,526602.85164799995
Lick1,2,526602.955648
Lick1,0,526603.08959999995
Feed1,189,526603.10160000005
Lick1,1,526603.4656
Lick1,2,526603.80559999996
Lick1,0,526604.04361599998
Feed1,190,526604.05161600001
Lick1,1,526604.68761599995
Lick1,2,526604.82160000002
Lick1,0,526605.09759999998
Feed1,191,526605.10959999997
Lick1,1,526605.367616
Lick1,2,526605.67359999998
Lick1,0,526605.77561600006
Feed1,192,526605.78960000002
Lick1,1,526605.911616
Lick1,2,526606.04758400004
Lick1,0,526606.181568
Feed1,193,526606.19356799999
Lick1,1,526606.41958400002
Lick1,2,526606.55958400003
Lick1,0,526606.69356799999
Feed1,194,526606.70556799998
Lick1,1,526606.82956800004
Lick1,2,526607.13558400003
Lick1,0,526607.747584
Feed1,195,526607.75958399998
Lick1,1,526607.88156799995
Lick1,2,526608.29158399999
Lick1,0,526608.97158400004
Feed1,196,526608.97958399996
Lick1,1,526609.10553599999
Lick1,2,526609.51155199995
Lick0,0,526610.90553600003
Feed0,13,526610.91753600002
Lick1,1,526610.92553600005
Lick0,2,526610.93753600004
Lick1,0,526611.51955199998
Feed1,197,526611.52755200001
Lick1,1,526612.05952000001
Lick1,2,526612.19952000002
Lick0,0,526620.65740799997
Feed0,14,526620.66940799996
Lick1,1,526620.67740799999
Lick1,2,526620.99542399996
Lick1,0,526621.26742399996
Feed1,198,526621.27942399995
Lick1,1,526621.709408
Lick1,2,526621.94742400001
Lick1,0,526622.08140799997
Feed1,199,526622.09340799996
Lick1,1,526622.52342400001
Lick1,2,526622.65942399995
Lick1,0,526623.13539199997
Feed1,200,526623.14739199996
Lick0,1,526647.52911999996
Lick1,2,526647.53711999999
Lick0,0,526648.30713600002
Feed0,15,526648.32111999998
Lick1,1,526648.32912000001
Lick1,2,526648.44713600003
Lick1,0,526648.81913600001
Feed1,201,526648.83113599999
Lick1,1,526648.95513599995
Lick0,2,526675.85679999995
Lick1,0,526675.86479999998
Feed1,202,526675.87679999997
Lick0,1,526728.46806400002
Lick1,2,526728.47606400005
Lick1,0,526728.60207999998
Feed1,203,526728.61407999997
Lick1,1,526729.18006399996
Lick1,2,526731.65804799995
Lick1,0,526731.89603199996
Feed1,204,526731.90803199995
Lick1,1,526732.08403200004
Lick1,2,526738.247936
Lick1,0,526740.52191999997
Feed1,205,526740.53391999996
Lick1,1,526741.09791999997
Lick0,2,526776.89145600004
Lick1,0,526776.90345600003
Feed1,206,526776.91545600002
Lick0,1,526797.30521599995
Lick1,2,526797.31321599998
Lick1,0,526797.60921599995
Feed1,207,526797.62121600006
Lick1,1,526797.94921600004
Lick1,2,526798.42720000003
Lick1,0,526798.69721599994
Feed1,208,526798.71120000002
Lick1,1,526804.50713599997
Lick0,2,526834.63078400004
Lick1,0,526834.64278400003
Feed1,209,526834.65478400001
Lick0,1,526851.03859200003
Lick1,2,526851.04659200006
Lick1,0,526851.17260799999
Feed1,210,526851.18659199995
Lick0,1,526895.66204800003
Lick1,2,526895.676064
Lick1,0,526895.904064
Feed1,211,526895.91206400003
Lick1,1,526896.54816000001
Lick1,2,526896.78006400005
Lick1,0,526897.39606399997
Feed1,212,526897.40806399996
Lick1,1,526897.89004800003
Lick1,2,526899.30003200006
Lick1,0,526899.67203200003
Feed1,213,526899.68403200002
Lick1,1,526899.80803199997
Lick1,2,526899.94201600004
Lick1,0,526900.18000000005
Feed1,214,526900.19200000004
Lick1,1,526900.31599999999
Lick1,2,526900.44998399995
Lick1,0,526900.58998399996
Feed1,215,526900.59798399999
Lick1,1,526900.72598400002
Lick1,2,526900.85999999999
Lick1,0,526900.99600000004
Feed1,216,526901.00800000003
Lick1,1,526901.129984
Lick1,2,526901.26598400006
Lick1,0,526901.40598399995
Feed1,217,526901.414016
Lick1,1,526901.54000000004
Lick1,2,526901.77798400004
Lick1,0,526901.91200000001
Feed1,218,526901.92598399997
Lick1,1,526902.04799999995
Lick1,2,526902.18198400002
Lick1,0,526902.59199999995
Feed1,219,526902.60598400002
Lick1,1,526902.69398400001
Lick1,2,526903.23596800002
Lick1,0,526903.37196799996
Feed1,220,526903.38396799995
Lick1,1,526903.50995199999
Lick1,2,526903.64595200005
Lick1,0,526903.77996800002
Feed1,221,526903.791968
Lick1,1,526903.91596799996
Lick1,2,526904.56195200002
Lick1,0,526904.69795199996
Feed1,222,526904.70995199995
Lick1,1,526904.96796799998
Lick1,2,526905.10393600003
Lick1,0,526905.23791999999
Feed1,223,526905.24991999997
Lick1,1,526906.02191999997
Lick1,2,526906.15593600005
Lick1,0,526906.70192000002
Feed1,224,526906.71392000001
Lick1,1,526906.867936
Lick1,2,526907.00793600001
Lick1,0,526907.27792000002
Feed1,225,526907.28992000001
Lick1,1,526907.41391999996
Lick1,2,526907.54793600005
Lick1,0,526907.68393599999
Feed1,226,526907.69593599997
Lick1,1,526907.82192000002
Lick1,2,526907.95791999996
Lick1,0,526908.19590399996
Feed1,227,526908.20790399995
Lick1,1,526908.36390400003
Lick1,2,526908.60188800003
Lick1,0,526908.735904
Feed1,228,526908.74790399999
Lick1,1,526909.01190399996
Lick1,2,526909.41590400005
Lick1,0,526909.58790399996
Feed1,229,526909.59590399999
Lick1,1,526909.72390400001
Lick1,2,526909.85788799997
Lick1,0,526909.99388800003
Feed1,230,526910.005856
Lick1,1,526910.12787199998
Lick1,2,526910.267872
Lick1,0,526910.40387200005
Feed1,231,526910.41187199997
Lick1,1,526910.53785600001
Lick1,2,526910.70585599996
Lick1,0,526910.94387199997
Feed1,232,526910.95587199996
Lick1,1,526911.07987200003
Lick1,2,526911.353856
Lick1,0,526911.65587200003
Feed1,233,526911.66787200002
Lick1,1,526911.79587200005
Lick1,2,526911.89385600004
Lick1,0,526912.03385600005
Feed1,234,526912.04185599997
Lick1,1,526912.201856
Lick1,2,526912.33587199997
Lick1,0,526912.61187200004
Feed1,235,526912.61987199995
Lick1,1,526912.74585599999
Lick1,2,526912.88185600005
Lick1,0,526913.01584000001
Feed1,236,526913.02784
Lick1,1,526913.18784000003
Lick1,2,526913.32383999997
Lick1,0,526913.45984000002
Feed1,237,526913.47184000001
Lick1,1,526913.59382399998
Lick1,2,526913.72982400004
Lick1,0,526913.86384000001
Feed1,238,526913.87583999999
Lick1,1,526914.00384000002
Lick1,2,526914.13782399998
Lick1,0,526914.27382400003
Feed1,239,526914.28582400002
Lick1,1,526914.40982399997
Lick1,2,526914.67984
Lick1,0,526915.25779199996
Feed1,240,526915.26979199995
Lick1,1,526915.39180800004
Lick1,2,526915.53180800006
Lick1,0,526915.83379199996
Feed1,241,526915.84579199995
Lick1,1,526915.96979200002
Lick1,2,526916.10979200003
Lick1,0,526916.243808
Feed1,242,526916.25580799999
Lick1,1,526916.547808
Lick1,2,526916.68579200003
Lick1,0,526916.82179199997
Feed1,243,526916.829792
Lick1,1,526916.98979200004
Lick1,2,526917.123808
Lick1,0,526917.25980799994
Feed1,244,526917.27180800005
Lick1,1,526917.39980799996
Lick1,2,526917.70179199998
Lick1,0,526917.83779200003
Feed1,245,526917.84979200002
Lick1,1,526917.97580799996
Lick1,2,526918.14377600001
Lick1,0,526918.27977599995
Feed1,246,526918.29177600006
Lick1,1,526918.41379200004
Lick1,2,526918.55376000004
Lick1,0,526918.68975999998
Feed1,247,526918.70175999997
Lick1,1,526918.82377599995
Lick1,2,526918.959776
Lick1,0,526919.09375999996
Feed1,248,526919.10575999995
Lick1,1,526919.40176000004
Lick1,2,526919.53775999998
Lick1,0,526919.67177599994
Feed1,249,526919.68377600005
Lick1,1,526920.08172799996
Lick1,2,526920.21574400004
Lick1,0,526920.35174399999
Feed1,250,526920.36374399997
Lick1,1,526920.51974400005
Lick1,2,526920.65974399995
Lick1,0,526920.79372800002
Feed1,251,526920.80572800001
Lick1,1,526920.92972799996
Lick1,2,526921.06374400004
Lick1,0,526921.19974399998
Feed1,252,526921.21174399997
Lick1,1,526921.64172800002
Lick1,2,526921.91174400004
Lick1,0,526922.38771200005
Feed1,253,526922.39971200004
Lick1,1,526922.52569599997
Lick1,2,526922.93171200005
Lick1,0,526923.20371200005
Feed1,254,526923.21571200003
Lick1,1,526923.34169599996
Lick1,2,526924.631712
Lick1,0,526924.93571200001
Feed1,255,526924.94771199999
Lick1,1,526925.06966399995
Lick1,2,526925.37766400003
Lick1,0,526925.51168
Feed1,256,526925.52566399996
Lick1,1,526925.64768000005
Lick1,2,526926.08966399997
Lick1,0,526926.53168000001
Feed1,257,526926.54566399998
Lick1,1,526926.97568000003
Lick1,2,526927.10963199998
Lick1,0,526927.585632
Feed1,258,526927.59763199999
Lick1,1,526931.59161600005
Lick1,2,526931.72959999996
Lick1,0,526931.93161600002
Feed1,259,526931.943616
Lick1,1,526932.44358399999
Lick1,2,526933.257568
Lick1,0,526933.355584
Feed1,260,526933.36758399999
Lick1,1,526933.59756799997
Lick0,2,526935.191552
Lick1,0,526935.19955200003
Feed1,261,526935.21155200002
Lick0,1,526935.23955199996
Lick1,2,526935.76953599998
Lick1,0,526937.19353599998
Feed1,262,526937.20553599996
Lick1,1,526937.43155199999
Lick1,2,526937.56953600002
Lick1,0,526937.70553599996
Feed1,263,526937.71753599995
Lick1,1,526937.84153600002
Lick1,2,526937.97555199999
Lick1,0,526938.62352000002
Feed1,264,526938.63152000005
Lick1,1,526938.75750399998
Lick1,2,526938.89350400004
Lick1,0,526939.02950399998
Feed1,265,526939.04150399996
Lick1,1,526939.16351999994
Lick1,2,526939.29952
Lick1,0,526939.43750400003
Feed1,266,526939.44752000005
Lick1,1,526939.57350399997
Lick1,2,526939.94550399994
Lick1,0,526940.08147199999
Feed1,267,526940.09347199998
Lick1,1,526940.25347200001
Lick1,2,526940.62547199999
Lick1,0,526940.89747199998
Feed1,268,526940.907488
Lick1,1,526941.40348800004
Lick1,2,526941.54348800005
Lick1,0,526941.67948799999
Feed1,269,526941.69148799998
Lick1,1,526941.81347199995
Lick1,2,526941.94947200001
Lick1,0,526942.35744000005
Feed1,270,526942.36745599995
Lick1,1,526943.17344000004
Lick1,2,526943.30943999998
Lick1,0,526943.57945600001
Feed1,271,526943.59145599999
Lick1,1,526943.84944000002
Lick1,2,526943.98944000003
Lick1,0,526944.123456
Feed1,272,526944.13545599999
Lick1,1,526944.25945600006
Lick1,2,526944.427456
Lick1,0,526944.56544000003
Feed1,273,526944.57545600005
Lick1,1,526944.70143999998
Lick1,2,526944.83744000003
Lick1,0,526944.971456
Feed1,274,526944.98345599999
Lick1,1,526945.10742400005
Lick1,2,526945.41340800002
Lick1,0,526945.54940799996
Feed1,275,526945.56140799995
Lick1,1,526945.71740800003
Lick1,2,526945.99142400001
Lick1,0,526946.29542400001
Feed1,276,526946.307424
Lick1,1,526946.87142400001
Lick1,2,526947.58537600003
Lick1,0,526948.02739199996
Feed1,277,526948.03939199995
Lick1,1,526948.16137600003
Lick1,2,526948.30137600005
Lick1,0,526948.43737599999
Feed1,278,526948.44937599998
Lick1,1,526948.57139199995
Lick1,2,526949.28537599999
Lick1,0,526949.45337600005
Feed1,279,526949.46537600004
Lick1,1,526949.59139199997
Lick1,2,526949.72739200003
Lick1,0,526950.02934400004
Feed1,280,526950.04134400003
Lick1,1,526951.15136000002
Lick1,2,526951.28735999996
Lick1,0,526951.56134400005
Feed1,281,526951.56934399996
Lick1,1,526951.99932800001
Lick1,2,526952.13532799995
Lick1,0,526952.27331199998
Feed1,282,526952.28332799999
Lick1,1,526952.78131200001
Lick1,2,526953.39331199997
Lick0,0,526955.09129600006
Feed0,16,526955.09929599997
Lick1,1,526955.11328000005
Lick1,2,526955.227296
Lick1,0,526956.17727999995
Feed1,283,526956.18928000005
Lick1,1,526956.68527999998
Lick0,2,526957.73724799999
Lick1,0,526957.74924799998
Feed1,284,526957.75926399999
Lick0,1,526957.77526400005
Lick1,2,526957.87324800005
Lick1,0,526958.28326399997
Feed1,285,526958.29526399996
Lick1,1,526958.41724800004
Lick1,2,526958.55324799998
Lick1,0,526958.68924800004
Feed1,286,526958.70124800003
Lick1,1,526959.09724799998
Lick1,2,526959.36924799997
Lick1,0,526959.64326399995
Feed1,287,526959.65126399999
Lick1,1,526959.77724800003
Lick1,2,526960.28521600005
Lick1,0,526960.42121599999
Feed1,288,526960.43321599998
Lick1,1,526961.23721599998
Lick1,2,526961.37123199995
Lick1,0,526961.51123199996
Feed1,289,526961.51923199999
Lick1,1,526961.64723200002
Lick1,2,526961.94921600004
Lick1,0,526962.80121599999
Feed1,290,526962.80921600002
Lick1,1,526962.93523199996
Lick1,2,526963.30918400001
Lick1,0,526963.44518399995
Feed1,291,526963.45718400006
Lick1,1,526963.57920000004
Lick1,2,526963.71519999998
Lick1,0,526964.02118399995
Feed1,292,526964.03520000004
Lick1,1,526964.56720000005
Lick1,2,526965.005152
Lick1,0,526965.71715200006
Feed1,293,526965.72915200004
Lick1,1,526965.92316799995
Lick1,2,526966.05715200002
Lick1,0,526966.19715200004
Feed1,294,526966.20515199995
Lick1,1,526966.331168
Lick1,2,526966.603168
Lick1,0,526966.70515199995
Feed1,295,526966.71715200006
Lick1,1,526966.90915199998
Lick1,2,526967.04515200004
Lick1,0,526967.179168
Feed1,296,526967.19116799999
Lick1,1,526967.58515199996
Lick1,2,526967.72515199997
Lick1,0,526967.85916800005
Feed1,297,526967.87116800004
Lick1,1,526968.43712000002
Lick1,2,526968.57311999996
Lick1,0,526968.70713600004
Feed1,298,526968.71913600003
Lick1,1,526968.84313599998
Lick1,2,526968.97712000005
Lick1,0,526969.14911999996
Feed1,299,526969.16313600005
Lick1,1,526969.41913599998
Lick1,2,526969.69113599998
Lick1,0,526969.82912000001
Feed1,300,526969.83712000004
Lick1,1,526969.96511999995
Lick1,2,526970.101088
Lick1,0,526970.23510399996
Feed1,301,526970.24710399995
Lick1,1,526970.54310400004
Lick1,2,526970.677088
Lick1,0,526970.81308800005
Feed1,302,526970.82508800004
Lick1,1,526970.94908799999
Lick1,2,526971.21910400002
Lick1,0,526971.39110400004
Feed1,303,526971.40310400003
Lick1,1,526971.52508799999
Lick1,2,526971.66108800005
Lick1,0,526972.07110399997
Feed1,304,526972.079104
Lick1,1,526972.37308799999
Lick1,2,526972.50908800005
Lick1,0,526972.64710399997
Feed1,305,526972.655104
Lick1,1,526972.95110399998
Lick1,2,526973.08505600004
Lick1,0,526973.66307200002
Feed1,306,526973.67507200001
Lick1,1,526974.10505599994
Lick1,2,526974.241056
Lick1,0,526974.54905599996
Feed1,307,526974.56105599995
Lick1,1,526975.12502399995
Lick1,2,526975.42902399995
Lick1,0,526975.56304000004
Feed1,308,526975.577024
Lick1,1,526976.41503999999
Lick1,2,526976.68703999999
Lick1,0,526977.43104000005
Feed1,309,526977.44304000004
Lick1,1,526977.87503999996
Lick1,2,526978.00899200002
Lick1,0,526978.45100799995
Feed1,310,526978.46300800005
Lick1,1,526978.587008
Lick1,2,526978.89299199998
Lick1,0,526979.33500800002
Feed1,311,526979.34499200003
Lick1,1,526979.50499199994
Lick1,2,526979.94700799999
Lick1,0,526980.24896
Feed1,312,526980.26095999999
Lick1,1,526980.58895999996
Lick1,2,526980.998976
Lick1,0,526981.13497599994
Feed1,313,526981.14697600005
Lick1,1,526981.26896000002
Lick1,2,526982.45695999998
Lick1,0,526982.59296000004
Feed1,314,526982.60496000003
Lick1,1,526982.72697600001
Lick1,2,526982.86697600002
Lick1,0,526983.03494399996
Feed1,315,526983.04694399994
Lick1,1,526983.37494400004
Lick1,2,526983.508928
Lick1,0,526983.64492800005
Feed1,316,526983.65692800004
Lick1,1,526983.78092799999
Lick1,2,526984.08694399998
Lick1,0,526984.22294400004
Feed1,317,526984.23494400003
Lick1,1,526984.35692799999
Lick1,2,526984.49692800001
Lick1,0,526984.63292799995
Feed1,318,526984.64092799998
Lick1,1,526984.79894400004
Lick1,2,526985.03689600003
Lick1,0,526985.20889600005
Feed1,319,526985.21689599997
Lick1,1,526985.344896
Lick1,2,526985.47891199996
Lick1,0,526985.92291199998
Feed1,320,526985.93091200001
Lick1,1,526986.05689600005
Lick1,2,526986.15891200001
Lick1,0,526986.29491199995
Feed1,321,526986.30691199994
Lick1,1,526986.46291200002
Lick1,2,526986.59689599997
Lick1,0,526986.73689599999
Feed1,322,526986.74489600002
Lick1,1,526986.87289600004
Lick1,2,526987.00691200001
Lick1,0,526987.14291199995
Feed1,323,526987.15491200006
Lick1,1,526987.27891200001
Lick1,2,526987.51491200004
Lick1,0,526987.65091199998
Feed1,324,526987.66291199997
Lick1,1,526987.78889600001
Lick1,2,526988.060864
Lick1,0,526988.29686400003
Feed1,325,526988.30886400002
Lick1,1,526988.43286399997
Lick1,2,526988.60486399999
Lick1,0,526988.74086400005
Feed1,326,526988.74886399996
Lick1,1,526988.87488000002
Lick1,2,526989.04287999996
Lick1,0,526989.17888000002
Feed1,327,526989.19088000001
Lick1,1,526989.31686400005
Lick1,2,526989.484864
Lick1,0,526989.58687999996
Feed1,328,526989.59887999995
Lick1,1,526989.75488000002
Lick1,2,526990.16483200004
Lick1,0,526990.33283199999
Feed1,329,526990.34483199997
Lick1,1,526990.77484800003
Lick1,2,526990.87683199998
Lick1,0,526991.04483200004
Feed1,330,526991.05884800002
Lick1,1,526991.21683199995
Lick1,2,526991.72684799996
Lick1,0,526991.86083200003
Feed1,331,526991.87283200002
Lick1,1,526991.99683199998
Lick1,2,526992.30284799996
Lick1,0,526992.47484799998
Feed1,332,526992.48284800001
Lick1,1,526992.64284800005
Lick1,2,526992.77884799999
Lick1,0,526992.91283199994
Feed1,333,526992.92483200005
Lick1,1,526993.04879999999
Lick1,2,526993.32281599997
Lick1,0,526993.90079999994
Feed1,334,526993.90879999998
Lick1,1,526994.0368
Lick1,2,526994.78079999995
Lick1,0,526995.08880000003
Feed1,335,526995.10080000001
Lick1,1,526995.22281599999
Lick1,2,526995.39081600006
Lick1,0,526996.61676799995
Feed1,336,526996.62876800005
Lick1,1,526996.75078400003
Lick1,2,526996.88678399997
Lick1,0,526997.05878399999
Feed1,337,526997.06678400002
Lick1,1,526997.19276799995
Lick1,2,526997.49676799995
Lick1,0,526997.63078400004
Feed1,338,526997.644768
Lick1,1,526997.938784
Lick1,2,526998.48473599995
Lick1,0,526998.61875200004
Feed1,339,526998.63075200003
Lick1,1,526999.46675200004
Lick1,2,526999.60275199998
Lick1,0,526999.90876799996
Feed1,340,526999.92073599994
Lick1,1,527000.04473600001
Lick1,2,527000.38473599998
Lick1,0,527000.654752
Feed1,341,527000.66675199999
Lick1,1,527000.96275199996
Lick1,2,527001.13072000002
Lick1,0,527001.26470399997
Feed1,342,527001.27670399996
Lick1,1,527001.60470400006
Lick1,2,527001.740704
Lick1,0,527002.316704
Feed1,343,527002.33071999997
Lick1,1,527002.52272000001
Lick1,2,527003.23468800006
Lick1,0,527003.370688
Feed1,344,527003.38268799998
Lick1,1,527003.67667199997
Lick1,2,527003.81267200003
Lick1,0,527004.11868800002
Feed1,345,527004.12867200002
Lick1,1,527004.69667199999
Lick1,2,527005.00067199999
Lick1,0,527005.13468799996
Feed1,346,527005.14668799995
Lick1,1,527005.27068800002
Lick1,2,527005.54467199999
Lick1,0,527006.12265599996
Feed1,347,527006.13065599999
Lick1,1,527006.29065600003
Lick1,2,527006.52864000003
Lick0,0,527010.66860800004
Feed0,17,527010.68060800002
Lick1,1,527010.68860800005
Lick1,2,527011.040576
Lick1,0,527011.18057600001
Feed1,348,527011.18857600004
Lick1,1,527011.61859199998
Lick1,2,527011.758592
Lick0,0,527017.52851199999
Feed0,18,527017.53651200002
Lick1,1,527017.54851200001
Lick1,2,527017.73052800004
Lick1,0,527018.24249600002
Feed1,349,527018.25449600001
Lick1,1,527018.37647999998
Lick1,2,527018.646496
Lick1,0,527019.19247999997
Feed1,350,527019.20447999996
Lick1,1,527019.66649600002
Lick1,2,527019.87248000002
Lick0,0,527029.07036799996
Feed0,19,527029.08035199996
Lick1,1,527029.09036799998
Lick1,2,527029.20636800001
Lick1,0,527029.61635200004
Feed1,351,527029.62435199996
Lick1,1,527029.85436799994
Lick1,2,527030.42633599997
Lick1,0,527030.66431999998
Feed1,352,527030.67631999997
Lick1,1,527030.80233600002
Lick1,2,527031.27833600005
Lick1,0,527031.51632000005
Feed1,353,527031.52431999997
Lick1,1,527032.12630400003
Lick1,2,527032.26230399997
Lick1,0,527033.24428800005
Feed1,354,527033.25628800003
Lick1,1,527033.38428799994
Lick1,2,527033.65430399997
Lick1,0,527033.79030400002
Feed1,355,527033.80230400001
Lick1,1,527034.13030399999
Lick1,2,527034.26428799995
Lick1,0,527035.21427200001
Feed1,356,527035.226272
Lick1,1,527035.65625600005
Lick1,2,527035.76025599998
Lick1,0,527035.89427199995
Feed1,357,527035.90627200005
Lick1,1,527036.030272
Lick1,2,527036.16425599996
Lick0,0,527044.41417600005
Feed0,20,527044.42617600004
Lick1,1,527044.43417599995
Lick1,2,527044.55017599999
Lick1,0,527044.72217600001
Feed1,358,527044.734176
Lick1,1,527044.89017599996
Lick1,2,527045.570144
Lick0,0,527102.63539199997
Feed0,21,527102.64739199996
Lick1,1,527102.65539199999
Lick0,2,527103.48739200004
Lick1,0,527103.49539199995
Feed1,359,527103.50739200006
Lick1,1,527103.65539199999
Lick1,2,527103.893408
Lick1,0,527104.19939199998
Feed1,360,527104.20739200001
Lick1,1,527104.675392
Lick1,2,527105.04735999997
Lick1,0,527105.42137600004
Feed1,361,527105.43337600003
Lick1,1,527105.96537600004
Lick1,2,527106.16735999996
Lick1,0,527106.30137600005
Feed1,362,527106.31337600003
Lick1,1,527106.67737599998
Lick1,2,527106.94937599998
Lick1,0,527107.25532800006
Feed1,363,527107.26332799997
Lick1,1,527107.391328
Lick1,2,527107.89932800003
Lick1,0,527108.033344
Feed1,364,527108.04534399998
Lick1,1,527108.40732799994
Lick1,2,527108.95132800005
Lick1,0,527109.45932799997
Feed1,365,527109.47132799996
Lick1,1,527109.59932799998
Lick1,2,527109.73334399995
Lick1,0,527110.651296
Feed1,366,527110.65929600003
Lick1,1,527111.08931199997
Lick1,2,527111.46329600003
Lick1,0,527111.94131200004
Feed1,367,527111.94931199995
Lick1,1,527112.07727999997
Lick1,2,527112.21126400004
Lick1,0,527112.44927999994
Feed1,368,527112.46128000005
Lick1,1,527112.89126399998
Lick1,2,527113.26528000005
Lick1,0,527113.39926400001
Feed1,369,527113.41126399999
Lick1,1,527113.53526399995
Lick1,2,527113.66928000003
Lick1,0,527113.90726400004
Feed1,370,527113.92128000001
Lick1,1,527114.04326399998
Lick1,2,527114.31727999996
Lick1,0,527114.45126400003
Feed1,371,527114.46528
Lick1,1,527114.58726399997
Lick1,2,527114.72326400003
Lick0,0,527116.693248
Feed0,22,527116.70124800003
Lick1,1,527116.71324800001
Lick1,2,527116.82924800005
Lick1,0,527117.13520000002
Feed1,372,527117.14320000005
Lick1,1,527117.67721600004
Lick1,2,527118.59321600001
Lick1,0,527118.83120000002
Feed1,373,527118.8432
Lick1,1,527118.96521599998
Lick1,2,527119.137216
Lick0,0,527143.03689600003
Feed0,23,527143.05088
Lick1,1,527143.05888000003
Lick0,2,527156.65871999995
Lick1,0,527156.65871999995
Feed1,374,527156.65871999995
Lick0,1,527158.78870399995
Lick1,2,527158.79868799995
Lick1,0,527159.12867200002
Feed1,375,527159.14265599998
Lick1,1,527159.74067199999
Lick1,2,527160.25267199997
Lick1,0,527160.35465600004
Feed1,376,527160.36265599995
Lick1,1,527160.45267200004
Lick0,2,527224.15187199996
Lick1,0,527224.15987199999
Feed1,377,527224.17187199998
Lick0,1,527255.52547200001
Lick1,2,527255.53347200004
Lick1,0,527255.76147200004
Feed1,378,527255.76947199996
Lick1,1,527256.37344
Lick1,2,527256.60944000003
Lick1,0,527256.74543999997
Feed1,379,527256.75743999996
Lick1,1,527257.15545600001
Lick1,2,527257.28943999996
Lick1,0,527257.42544000002
Feed1,380,527257.43744000001
Lick1,1,527257.69545600004
Lick1,2,527258.20342399995
Lick1,0,527258.34140799998
Feed1,381,527258.35142399999
Lick1,1,527258.64540799998
Lick1,2,527258.78140800004
Lick1,0,527258.91942399996
Feed1,382,527258.92742399999
Lick1,1,527259.42742399999
Lick1,2,527259.56342400005
Lick1,0,527260.07142399997
Feed1,383,527260.08342399995
Lick1,1,527260.209408
Lick1,2,527260.34540800005
Lick1,0,527260.48140799999
Feed1,384,527260.49340799998
Lick1,1,527260.61542399996
Lick1,2,527260.98742400005
Lick1,0,527261.16137600003
Feed1,385,527261.16937599995
Lick1,1,527261.295392
Lick1,2,527261.43139200006
Lick1,0,527261.93939199997
Feed1,386,527261.95139199996
Lick1,1,527262.07337600004
Lick1,2,527262.34739200003
Lick1,0,527262.48339199997
Feed1,387,527262.49545599998
Lick1,1,527262.75337599998
Lick1,2,527262.85539200006
Lick1,0,527263.12736000004
Feed1,388,527263.13936000003
Lick1,1,527263.26534399996
Lick1,2,527263.40134400001
Lick1,0,527263.77334399999
Feed1,389,527263.78534399997
Lick1,1,527264.04336000001
Lick1,2,527264.17935999995
Lick1,0,527264.31734399998
Feed1,390,527264.32736
Lick1,1,527264.45334400004
Lick1,2,527264.58934399998
Lick1,0,527264.72335999995
Feed1,391,527264.73536000005
Lick1,1,527265.13331199996
Lick1,2,527265.53932800004
Lick1,0,527265.84531200002
Feed1,392,527265.85532800003
Lick1,1,527265.98131199996
Lick1,2,527266.14931200002
Lick1,0,527266.28531199996
Feed1,393,527266.29731199995
Lick1,1,527266.423328
Lick1,2,527266.55932799994
Lick1,0,527266.69331200002
Feed1,394,527266.70531200001
Lick1,1,527266.96332800004
Lick1,2,527267.13532799995
Lick1,0,527267.271328
Feed1,395,527267.28332799999
Lick1,1,527267.40732799994
Lick1,2,527267.54131200002
Lick1,0,527267.67731199996
Feed1,396,527267.68931199994
Lick1,1,527267.98332799994
Lick1,2,527268.11929599999
Lick1,0,527268.25529600005
Feed1,397,527268.26729600003
Lick1,1,527268.38928
Lick1,2,527268.52928000002
Lick1,0,527268.93328
Feed1,398,527268.94729599997
Lick1,1,527269.107296
Lick1,2,527269.24127999996
Lick1,0,527269.37728000002
Feed1,399,527269.38928
Lick1,1,527269.78128
Lick1,2,527269.92128000001
Lick1,0,527270.05724800006
Feed1,400,527270.06524799997
Lick1,1,527270.19126400002
Lick1,2,527270.35926399997
Lick1,0,527270.49526400003
Feed1,401,527270.50726400001
Lick1,1,527270.63324800006
Lick1,2,527270.769248
Lick1,0,527270.90524800005
Feed1,402,527270.91724800004
Lick1,1,527271.03926400002
Lick1,2,527271.17526399996
Lick1,0,527271.30924800003
Feed1,403,527271.32124800002
Lick1,1,527271.44924800005
Lick1,2,527271.58326400002
Lick1,0,527271.71926399996
Feed1,404,527271.73324800003
Lick1,1,527271.85526400001
Lick1,2,527271.98924799997
Lick1,0,527272.12524800003
Feed1,405,527272.13724800001
Lick1,1,527272.39926400001
Lick1,2,527272.53526399995
Lick1,0,527272.83724799997
Feed1,406,527272.84924799995
Lick1,1,527272.97724799998
Lick1,2,527273.11123200005
Lick1,0,527273.24723199999
Feed1,407,527273.25923199998
Lick1,1,527273.38323200005
Lick1,2,527273.51721600001
Lick1,0,527273.65321599995
Feed1,408,527273.66521600005
Lick1,1,527274.09523199999
Lick1,2,527274.23123200005
Lick1,0,527274.40323199995
Feed1,409,527274.41523200006
Lick1,1,527274.84521599999
Lick1,2,527275.11523200001
Lick1,0,527275.41721600003
Feed1,410,527275.431232
Lick1,1,527276.13520000002
Lick1,2,527276.27119999996
Lick1,0,527276.88118400006
Feed1,411,527276.89318400004
Lick1,1,527277.01520000002
Lick1,2,527277.18720000004
Lick1,0,527277.49120000005
Feed1,412,527277.50320000004
Lick1,1,527277.96518399997
Lick1,2,527278.10115200002
Lick1,0,527278.40915199998
Feed1,413,527278.42115199997
Lick1,1,527278.54316799995
Lick0,2,527335.21244799998
Lick1,0,527335.22044800001
Feed1,414,527335.23446399998
Lick0,1,527335.688448
Lick1,2,527335.69644800003
Lick0,0,527335.72044800001
Feed0,24,527335.72844800004
Lick1,1,527336.22841600003
Lick1,2,527336.46643200004
Lick1,0,527337.18243199994
Feed1,415,527337.19043199997
Lick1,1,527337.85843200004
Lick0,2,527387.36179200001
Lick1,0,527387.373792
Feed1,416,527387.38179200003
Lick1,1,527387.59977600002
Lick0,2,527421.85532800003
Lick1,0,527421.86332799995
Feed1,417,527421.87734400004
Lick0,1,527422.46531200001
Lick1,2,527422.477312
Lick1,0,527422.83929599996
Feed1,418,527422.85129599995
Lick1,1,527422.977312
Lick1,2,527423.21529600001
Lick1,0,527423.55129600002
Feed1,419,527423.56329600001
Lick1,1,527423.78931200004
Lick1,2,527424.16531199997
Lick1,0,527424.30131200003
Feed1,420,527424.31331200001
Lick1,1,527424.80931200006
Lick1,2,527425.04726400005
Lick1,0,527425.18128000002
Feed1,421,527425.19328000001
Lick1,1,527425.45526399999
Lick1,2,527425.96326400002
Lick1,0,527426.09926399996
Feed1,422,527426.11126399995
Lick1,1,527426.57328000001
Lick1,2,527426.91327999998
Lick1,0,527427.04924800002
Feed1,423,527427.06124800001
Lick1,1,527427.55724800006
Lick1,2,527427.69724799995
Lick1,0,527428.06924800004
Feed1,424,527428.08124800003
Lick1,1,527428.203232
Lick1,2,527428.60924799996
Lick1,0,527428.98524800001
Feed1,425,527428.997248
Lick1,1,527429.62924799998
Lick1,2,527430.47721599997
Lick1,0,527430.95331200003
Feed1,426,527430.96521599998
Lick1,1,527431.36121600005
Lick1,2,527431.46521599998
Lick0,0,527435.60515199997
Feed0,25,527435.61513599998
Lick1,1,527435.62713599997
Lick1,2,527435.94713600003
Lick1,0,527436.31913600001
Feed1,427,527436.33113599999
Lick1,1,527436.69113599998
Lick0,2,527473.76665600005
Lick1,0,527473.77465599997
Feed1,428,527473.78665599995
Lick1,1,527474.10665600002
Lick1,2,527474.47865599999
Lick0,0,527547.99171199999
Feed0,26,527547.99971200002
Lick1,1,527548.01171200001
Lick0,2,527548.46569600003
Lick1,0,527548.47369599994
Feed1,429,527548.48569600005
Lick0,1,527548.49571199995
Lick1,2,527548.837696
Lick1,0,527548.94169600005
Feed1,430,527548.95369600004
Lick1,1,527549.55168000003
Lick1,2,527549.68566399999
Lick1,0,527550.05967999995
Feed1,431,527550.07168000005
Lick1,1,527550.19766399998
Lick1,2,527550.673664
Lick1,0,527550.91168000002
Feed1,432,527550.92368000001
Lick1,1,527551.41968000005
Lick1,2,527551.62367999996
Lick1,0,527551.75968000002
Feed1,433,527551.77168000001
Lick1,1,527552.13164799998
Lick1,2,527552.43964800006
Lick1,0,527552.63964800001
Feed1,434,527552.651648
Lick1,1,527553.49164799997
Lick1,2,527553.79363199999
Lick1,0,527555.35961599997
Feed1,435,527555.367616
Lick1,1,527555.49360000005
Lick1,2,527555.62959999999
Lick1,0,527556.00159999996
Feed1,436,527556.01359999995
Lick1,1,527556.13760000002
Lick1,2,527556.411616
Lick1,0,527557.08758399996
Feed1,437,527557.09958399995
Lick1,1,527557.22556799999
Lick1,2,527557.63158399996
Lick1,0,527557.73356800003
Feed1,438,527557.747584
Lick1,1,527557.86956799997
Lick1,2,527559.159552
Lick1,0,527559.87155200006
Feed1,439,527559.88553600002
Lick1,1,527560.007552
Lick1,2,527560.14755200001
Lick1,0,527560.41753600002
Feed1,440,527560.42953600001
Lick1,1,527561.09753599996
Lick1,2,527561.46953600005
Lick1,0,527561.91155199998
Feed1,441,527561.92355199996
Lick1,1,527562.04752000002
Lick1,2,527562.31750400004
Lick1,0,527562.45350399998
Feed1,442,527562.46550399996
Lick1,1,527562.72751999996
Lick1,2,527562.86352000001
Lick1,0,527563.13350400003
Feed1,443,527563.14550400001
Lick1,1,527563.54351999995
Lick1,2,527563.67750400002
Lick1,0,527563.81350399996
Feed1,444,527563.82550399995
Lick1,1,527563.94752000005
Lick1,2,527564.21747200005
Lick1,0,527564.35747199995
Feed1,445,527564.36547199998
Lick1,1,527565.17148799996
Lick1,2,527565.30748800002
Lick1,0,527565.78348800004
Feed1,446,527565.79548800003
Lick1,1,527566.22547199996
Lick1,2,527566.80348799995
Lick1,0,527567.24144000001
Feed1,447,527567.25344
Lick0,1,527569.21142399998
Lick1,2,527569.21942400001
Lick1,0,527569.41542400001
Feed1,448,527569.42742399999
Lick1,1,527569.51740799996
Lick1,2,527569.99340799998
Lick1,0,527570.12940800004
Feed1,449,527570.14140800002
Lick0,1,527583.43926400004
Lick1,2,527583.44924800005
Lick0,0,527583.98124800005
Feed0,27,527583.99324800004
Lick1,1,527584.00121599995
Lick0,2,527584.00921599998
Lick1,0,527584.11523200001
Feed1,450,527584.12921599997
Lick0,1,527631.99263999995
Lick1,2,527632.00464000006
Lick1,0,527632.33264000004
Feed1,451,527632.34464000002
Lick1,1,527632.70867199998
Lick1,2,527632.80867199996
Lick1,0,527632.94665599999
Feed1,452,527632.95465600002
Lick1,1,527633.69062400004
Lick1,2,527633.82662399998
Lick1,0,527634.33462400001
Feed1,453,527634.346624
Lick1,1,527634.57260800002
Lick1,2,527634.71260800003
Lick1,0,527635.18659199995
Feed1,454,527635.19459199999
Lick1,1,527635.55859200004
Lick1,2,527636.23859199998
Lick1,0,527636.40659200004
Feed1,455,527636.41859200003
Lick1,1,527636.64457600005
Lick1,2,527636.78057599999
Lick1,0,527636.91459199996
Feed1,456,527636.92659199995
Lick1,1,527637.01859200001
Lick1,2,527637.15657600004
Lick1,0,527637.39459200006
Feed1,457,527637.40259199997
Lick1,1,527637.52857600001
Lick1,2,527637.66457599995
Lick1,0,527638.17254399997
Feed1,458,527638.18454399996
Lick1,1,527638.30854400003
Lick1,2,527638.44655999995
Lick1,0,527638.58256000001
Feed1,459,527638.59056000004
Lick1,1,527639.09056000004
Lick1,2,527639.73654399998
Lick1,0,527640.34652799997
Feed1,460,527640.36051200004
Lick1,1,527640.88851199998
Lick1,2,527641.12652799999
Lick1,0,527641.26451200002
Feed1,461,527641.27251200005
Lick1,1,527642.31651200005
Lick1,2,527642.45251199999
Lick1,0,527642.82451199996
Feed1,462,527642.83651199995
Lick1,1,527643.46848000004
Lick1,2,527643.60848000005
Lick1,0,527643.74249600002
Feed1,463,527643.75449600001
Lick0,1,527663.19824000006
Lick1,2,527663.20623999997
Lick1,0,527663.39824000001
Feed1,464,527663.41222399997
Lick1,1,527663.63622400002
Lick1,2,527663.77433599997
Lick1,0,527663.91024
Feed1,465,527663.92223999999
Lick1,1,527664.04620800004
Lick1,2,527664.59020800004
Lick1,0,527664.82819200004
Feed1,466,527664.83619199996
Lick1,1,527664.96220800001
Lick1,2,527665.43820800004
Lick1,0,527665.57219199999
Feed1,467,527665.58419199998
Lick1,1,527669.374144
Lick0,2,527669.38614399999
Lick1,0,527669.78412800003
Feed1,468,527669.79612800002
Lick0,1,527709.17558399995
Lick1,2,527709.18160000001
Lick1,0,527709.50959999999
Feed1,469,527709.52159999998
Lick1,1,527709.747584
Lick1,2,527710.70160000003
Lick0,0,527740.44518399995
Feed0,28,527740.45318399998
Lick1,1,527740.46518399997
Lick0,2,527832.04003200005
Lick1,0,527832.04803199996
Feed1,470,527832.06003199995
Lick1,1,527832.17603199999
Lick1,2,527832.61801600002
Lick1,0,527833.46601600002
Feed1,471,527833.47801600001
Lick1,1,527833.94003199995
Lick1,2,527834.14598399994
Lick1,0,527834.38198399998
Feed1,472,527834.39599999995
Lick1,1,527834.65398399998
Lick1,2,527835.401984
Lick1,0,527835.60400000005
Feed1,473,527835.61600000004
Lick1,1,527835.74198399996
Lick1,2,527836.41798400006
Lick1,0,527837.335968
Feed1,474,527837.34796799999
Lick1,1,527837.53996800003
Lick1,2,527837.84796799999
Lick1,0,527837.98195199994
Feed1,475,527837.99596800003
Lick1,1,527838.117952
Lick1,2,527838.35596800002
Lick1,0,527838.45795199997
Feed1,476,527838.46995199996
Lick1,1,527838.59395200002
Lick1,2,527838.72796799999
Lick1,0,527838.965952
Feed1,477,527838.97795199999
Lick1,1,527839.10192000004
Lick1,2,527839.23993599997
Lick1,0,527839.37593600003
Feed1,478,527839.38393600006
Lick1,1,527839.50991999998
Lick1,2,527839.78191999998
Lick1,0,527840.08793599997
Feed1,479,527840.09993599996
Lick1,1,527840.32591999997
Lick1,2,527840.46192000003
Lick1,0,527840.595936
Feed1,480,527840.60793599999
Lick1,1,527841.51392000006
Lick1,2,527841.78393599996
Lick1,0,527841.91993600002
Feed1,481,527841.93193600001
Lick1,1,527842.05788800004
Lick1,2,527842.19388799998
Lick1,0,527842.32790399995
Feed1,482,527842.34188800002
Lick1,1,527842.463904
Lick1,2,527842.59788799996
Lick1,0,527842.73388800002
Feed1,483,527842.745888
Lick0,1,527844.63785599999
Lick1,2,527844.64585600002
Lick1,0,527844.90787200001
Feed1,484,527844.92185599997
Lick1,1,527845.04387199995
Lick1,2,527845.17987200001
Lick1,0,527845.45385599998
Feed1,485,527845.46185600001
Lick1,1,527845.58787199995
Lick1,2,527845.723872
Lick1,0,527845.85987199994
Feed1,486,527845.87187200005
Lick1,1,527845.99385600002
Lick1,2,527846.267872
Lick1,0,527846.84585599997
Feed1,487,527846.853856
Lick1,1,527846.98185600003
Lick1,2,527847.11583999998
Lick1,0,527847.42383999994
Feed1,488,527847.43183999998
Lick1,1,527847.79584000004
Lick1,2,527848.06582400005
Lick1,0,527848.20182399999
Feed1,489,527848.21382399998
Lick1,1,527848.47583999997
Lick1,2,527848.61184000003
Lick1,0,527849.04979199998
Feed1,490,527849.06179199996
Lick1,1,527849.18979199999
Lick1,2,527849.32380799996
Lick1,0,527849.45980800001
Feed1,491,527849.471808
Lick1,1,527849.59379199997
Lick1,2,527850.17180799996
Lick1,0,527850.61379199999
Feed1,492,527850.62579199998
Lick1,1,527850.74979200005
Lick1,2,527850.88380800001
Lick1,0,527851.01980799995
Feed1,493,527851.03180800006
Lick1,1,527851.15580800001
Lick1,2,527851.29379200004
Lick0,0,527853.16176000005
Feed0,29,527853.16975999996
Lick1,1,527853.17775999999
Lick1,2,527853.56777600001
Lick1,0,527854.31376000005
Feed1,494,527854.32576000004
Lick1,1,527854.55376000004
Lick1,2,527854.68975999998
Lick1,0,527854.82576000004
Feed1,495,527854.83776000002
Lick1,1,527855.09574400005
Lick1,2,527855.36972800002
Lick1,0,527855.50572799996
Feed1,496,527855.51372799999
Lick1,1,527855.63974400004
Lick1,2,527856.01372799999
Lick1,0,527856.72572800005
Feed1,497,527856.73772800004
Lick1,1,527856.85974400002
Lick1,2,527857.30371200002
Lick1,0,527857.57369600004
Feed1,498,527857.58569600002
Lick1,1,527857.71171199996
Lick1,2,527857.98371199996
Lick1,0,527858.11769600003
Feed1,499,527858.12969600002
Lick1,1,527858.25369599997
Lick1,2,527858.38771200005
Lick1,0,527858.52771199995
Feed1,500,527858.53571199998
Lick1,1,527858.66169600002
Lick1,2,527858.79769599997
Lick1,0,527858.93369600002
Feed1,501,527858.94569600001
Lick1,1,527859.06771199999
Lick1,2,527859.20371200005
Lick1,0,527859.34169599996
Feed1,502,527859.34969599999
Lick1,1,527859.47769600002
Lick1,2,527859.61369599996
Lick1,0,527859.74771200004
Feed1,503,527859.75971200003
Lick1,1,527860.01766400004
Lick1,2,527860.15766400006
Lick1,0,527860.42767999996
Feed1,504,527860.43967999995
Lick1,1,527860.56368000002
Lick1,2,527860.87167999998
Lick1,0,527861.37766400003
Feed1,505,527861.38966400002
Lick1,1,527861.51366399997
Lick1,2,527861.78367999999
Lick1,0,527862.53366399999
Feed1,506,527862.54566399998
Lick1,1,527862.97568000003
Lick1,2,527863.27964800003
Lick1,0,527863.553632
Feed1,507,527863.56163200003
Lick0,1,527864.70364800002
Lick1,2,527864.71564800001
Lick1,0,527865.31759999995
Feed1,508,527865.32761599997
Lick1,1,527865.82559999998
Lick1,2,527865.96160000004
Lick0,0,527877.30348799995
Feed0,30,527877.31548800005
Lick1,1,527877.32348799997
Lick1,2,527877.43747200002
Lick1,0,527877.57747200003
Feed1,509,527877.58547199995
Lick0,1,527926.50688
Lick1,2,527926.51488000003
Lick1,0,527926.60886399995
Feed1,510,527926.62086400006
Lick1,1,527926.87887999997
Lick1,2,527927.42284799996
Lick0,0,527966.67440000002
Feed0,31,527966.68640000001
Lick1,1,527966.69440000004
Lick1,2,527966.80838399997
Lick1,0,527967.48835200001
Feed1,511,527967.500352
Lick1,1,527967.62236799998
Lick1,2,527967.75840000005
Lick1,0,527968.03235200001
Feed1,512,527968.04035200004
Lick1,1,527968.30236800003
Lick1,2,527968.57436800003
Lick1,0,527968.70835199999
Feed1,513,527968.72035199997
Lick1,1,527969.45836799999
Lick1,2,527969.59436800005
Lick1,0,527969.72835200001
Feed1,514,527969.74035199999
Lick1,1,527969.86435199995
Lick1,2,527970.30633599998
Lick1,0,527970.44032000005
Feed1,515,527970.45433600002
Lick1,1,527970.57631999999
Lick1,2,527970.85033599997
Lick1,0,527971.15433599998
Feed1,516,527971.16633599997
Lick1,1,527971.59632000001
Lick1,2,527972.03830400005
Lick1,0,527972.444288
Feed1,517,527972.45628799999
Lick1,1,527972.61628800002
Lick1,2,527972.75228799996
Lick1,0,527972.88630400004
Feed1,518,527972.89830400003
Lick1,1,527973.02230399998
Lick1,2,527973.15628800006
Lick1,0,527973.32828799996
Feed1,519,527973.34028799995
Lick1,1,527973.73430400004
Lick1,2,527973.87430400006
Lick1,0,527974.14428799995
Feed1,520,527974.15628800006
Lick1,1,527974.31228800002
Lick1,2,527974.44630399998
Lick1,0,527974.72230400005
Feed1,521,527974.73430400004
Lick1,1,527974.890304
Lick1,2,527975.02425599995
Lick1,0,527975.16425599996
Feed1,522,527975.17225599999
Lick1,1,527975.43427199998
Lick1,2,527975.91027200001
Lick1,0,527976.79427199997
Feed1,523,527976.802272
Lick1,1,527977.302272
Lick1,2,527977.43625599996
Lick1,0,527977.57225600001
Feed1,524,527977.584256
Lick1,1,527977.74425600003
Lick1,2,527978.18223999999
Lick1,0,527978.32224000001
Feed1,525,527978.33024000004
Lick1,1,527978.86224000005
Lick1,2,527978.99823999999
Lick1,0,527979.13622400002
Feed1,526,527979.14624000003
Lick1,1,527979.61222400004
Lick1,2,527979.74822399998
Lick1,0,527979.91622400004
Feed1,527,527979.92822400003
Lick1,1,527980.46022400004
Lick1,2,527981.07020800002
Lick1,0,527981.48019200005
Feed1,528,527981.48819199996
Lick1,1,527981.61619199999
Lick1,2,527981.88620800001
Lick1,0,527982.02019199997
Feed1,529,527982.03420800006
Lick1,1,527982.19020800001
Lick0,2,528007.21788799996
Lick1,0,528007.22588799999
Feed1,530,528007.23788799997
Lick1,1,528007.48787199997
Lick1,2,528007.62387200003
Lick0,0,528109.57270400005
Feed0,32,528109.58470400004
Lick1,1,528109.59068799997
Lick1,2,528109.71068799996
Lick1,0,528109.84668800002
Feed1,531,528109.85868800001
Lick1,1,528110.38668800006
Lick1,2,528110.62470399996
Lick1,0,528111.17068800004
Feed1,532,528111.18268800003
Lick1,1,528111.54268800002
Lick1,2,528111.68268800003
Lick1,0,528111.816704
Feed1,533,528111.82470400003
Lick1,1,528112.086656
Lick1,2,528112.25465599995
Lick1,0,528112.49667200004
Feed1,534,528112.50467199995
Lick1,1,528112.80067200004
Lick1,2,528113.27465599997
Lick1,0,528114.41465599998
Feed1,535,528114.42467199999
Lick1,1,528114.73667200003
Lick1,2,528115.14262399997
Lick1,0,528115.27862400003
Feed1,536,528115.29062400002
Lick1,1,528115.51462399994
Lick1,2,528115.72063999996
Lick1,0,528116.19663999998
Feed1,537,528116.20863999997
Lick1,1,528116.33062400005
Lick1,2,528116.47062399995
Lick1,0,528116.84262400004
Feed1,538,528116.85462400003
Lick1,1,528116.97664000001
Lick1,2,528117.11260800005
Lick1,0,528117.38659200002
Feed1,539,528117.39459200006
Lick1,1,528117.52259199996
Lick1,2,528117.65859200002
Lick1,0,528117.79260799999
Feed1,540,528117.80460799998
Lick1,1,528117.92860800005
Lick1,2,528118.062592
Lick1,0,528118.30060800002
Feed1,541,528118.31260800001
Lick1,1,528118.44060800003
Lick1,2,528118.71059200005
Lick1,0,528118.84460800001
Feed1,542,528118.85859199998
Lick1,1,528118.98060799995
Lick1,2,528119.11459200003
Lick1,0,528119.25459200004
Feed1,543,528119.26259199996
Lick1,1,528119.49260799994
Lick1,2,528120.03257599997
Lick1,0,528121.02057599998
Feed1,544,528121.03257599997
Lick1,1,528121.15657600004
Lick1,2,528121.29055999999
Lick1,0,528121.42656000005
Feed1,545,528121.43856000004
Lick1,1,528121.70057600003
Lick1,2,528121.83455999999
Lick1,0,528122.10655999999
Feed1,546,528122.11855999997
Lick1,1,528123.05654400005
Lick1,2,528123.29452800006
Lick1,0,528123.43254399998
Feed1,547,528123.44054400001
Lick1,1,528124.24854399997
Lick1,2,528124.38252800005
Lick1,0,528124.55052799999
Feed1,548,528124.56252799998
Lick0,1,528445.13494400005
Lick1,2,528445.14294399996
Lick0,0,528837.20419199998
Feed0,33,528837.21219200001
Lick1,1,528837.22419199999
Lick1,2,528837.30617600004
Lick1,0,528837.40419200005
Feed1,549,528837.41619200003
Lick1,1,528837.54419199994
Lick1,2,528837.91619200003
Lick1,0,528838.05215999996
Feed1,550,528838.06415999995
Lick1,1,528838.73216000001
Lick1,2,528838.86614399997
Lick1,0,528839.71414399997
Feed1,551,528839.72614399996
Lick1,1,528839.85014400003
Lick1,2,528840.12416000001
Lick1,0,528840.26015999995
Feed1,552,528840.27216000005
Lick1,1,528840.39414400002
Lick1,2,528840.53014399996
Lick1,0,528840.66416000004
Feed1,553,528840.678144
Lick1,1,528840.83615999995
Lick1,2,528840.97216
Lick1,0,528841.10812800005
Feed1,554,528841.12012800004
Lick1,1,528841.41411200003
Lick1,2,528841.55011199997
Lick1,0,528841.68412800005
Feed1,555,528841.69612800004
Lick1,1,528841.99212800001
Lick1,2,528842.12611199997
Lick1,0,528842.43011199997
Feed1,556,528842.44211199996
Lick1,1,528842.57011199999
Lick1,2,528842.73811200005
Lick1,0,528842.87212800002
Feed1,557,528842.88412800001
Lick1,1,528843.04409600003
Lick1,2,528843.18009599997
Lick1,0,528843.31408000004
Feed1,558,528843.32608000003
Lick1,1,528843.48207999999
Lick1,2,528843.62208
Lick1,0,528843.92608
Feed1,559,528843.93807999999
Lick1,1,528844.264096
Lick1,2,528844.40009600006
Lick1,0,528844.70809600002
Feed1,560,528844.720096
Lick1,1,528844.87609599996
Lick1,2,528845.01407999999
Lick1,0,528845.15008000005
Feed1,561,528845.15807999996
Lick1,1,528845.31808
Lick1,2,528845.45408000005
Lick1,0,528845.89609599998
Feed1,562,528845.90809599997
Lick1,1,528846.03004800004
Lick1,2,528846.47206399997
Lick1,0,528846.60806400003
Feed1,563,528846.62006400002
Lick1,1,528846.91606399999
Lick1,2,528847.21804800001
Lick1,0,528847.39004800003
Feed1,564,528847.40204800002
Lick1,1,528847.52604799997
Lick1,2,528847.69404800003
Lick1,0,528847.86604800005
Feed1,565,528847.87804800004
Lick1,1,528848.03401599999
Lick1,2,528848.34003199998
Lick1,0,528848.50803200004
Feed1,566,528848.52003200003
Lick1,1,528848.68003199995
Lick1,2,528848.98201599997
Lick1,0,528849.15603199997
Feed1,567,528849.16803199996
Lick1,1,528849.29001600004
Lick1,2,528849.76601599995
Lick1,0,528849.93801599997
Feed1,568,528849.94608000002
Lick1,1,528850.240032
Lick1,2,528850.37603199994
Lick1,0,528850.81801599998
Feed1,569,528850.83001599996
Lick1,1,528850.990016
Lick1,2,528851.29398399999
Lick1,0,528851.46598400001
Feed1,570,528851.47398400004
Lick1,1,528851.76800000004
Lick1,2,528852.076
Lick1,0,528852.21200000006
Feed1,571,528852.22400000005
Lick1,1,528852.51798400003
Lick1,2,528852.82198400004
Lick1,0,528853.12796800002
Feed1,572,528853.139968
Lick1,1,528853.63596800005
Lick1,2,528854.11196799995
Lick1,0,528854.28396799997
Feed1,573,528854.29596799996
Lick1,1,528854.45196800004
Lick1,2,528854.82396800001
Lick1,0,528854.96396800003
Feed1,574,528854.97196800006
Lick1,1,528855.57395200001
Lick1,2,528855.74195199995
Lick1,0,528856.18393599999
Feed1,575,528856.19593599997
Lick1,1,528856.35193600005
Lick1,2,528856.79391999997
Lick1,0,528856.96591999999
Feed1,576,528856.97392000002
Lick1,1,528857.13392000005
Lick1,2,528857.30591999996
Lick1,0,528857.47392000002
Feed1,577,528857.48592000001
Lick1,1,528857.71193600004
Lick1,2,528857.88393600006
Lick1,0,528858.051936
Feed1,578,528858.06393599999
Lick1,1,528858.21993599995
Lick1,2,528858.49392000004
Lick1,0,528858.83392
Feed1,579,528858.84192000004
Lick1,1,528859.00188800006
Lick1,2,528859.20588799997
Lick1,0,528859.34188800002
Feed1,580,528859.35388800001
Lick1,1,528859.50988799997
Lick1,2,528859.81590399996
Lick1,0,528860.08790399996
Feed1,581,528860.09990399994
Lick1,1,528860.52988799999
Lick1,2,528860.83590399998
Lick1,0,528861.00387200003
Feed1,582,528861.01785599999
Lick1,1,528861.13987199997
Lick1,2,528861.44787200005
Lick1,0,528861.61587199999
Feed1,583,528861.625856
Lick1,1,528862.09385599999
Lick1,2,528862.29385599995
Lick1,0,528862.46585599997
Feed1,584,528862.47987200005
Lick1,1,528862.94185599999
Lick1,2,528863.10982400004
Lick1,0,528863.24384000001
Feed1,585,528863.25782399997
Lick1,1,528863.417824
Lick1,2,528863.71984000003
Lick1,0,528863.92582400003
Feed1,586,528863.93782400002
Lick1,1,528864.09782400005
Lick1,2,528864.265824
Lick1,0,528864.46982400003
Feed1,587,528864.48182400002
Lick1,1,528864.63782399998
Lick1,2,528864.809824
Lick1,0,528864.94383999996
Feed1,588,528864.95782400004
Lick1,1,528865.28384000005
Lick1,2,528865.45183999999
Lick1,0,528865.62384000001
Feed1,589,528865.63782399998
Lick1,1,528865.92784000002
Lick1,2,528866.09980800003
Lick1,0,528866.26780799998
Feed1,590,528866.27980799996
Lick1,1,528866.471808
Lick1,2,528866.77980799996
Lick1,0,528866.94780800003
Feed1,591,528866.95980800001
Lick1,1,528867.11980800005
Lick1,2,528867.28780799999
Lick1,0,528867.45580800006
Feed1,592,528867.46780800004
Lick1,1,528867.79580800002
Lick1,2,528867.96780800004
Lick1,0,528868.26976000005
Feed1,593,528868.28176000004
Lick1,1,528868.44175999996
Lick1,2,528868.60976000002
Lick1,0,528868.78377600003
Feed1,594,528868.79376000003
Lick1,1,528869.08576000005
Lick1,2,528869.25775999995
Lick1,0,528869.59776000003
Feed1,595,528869.60976000002
Lick1,1,528869.79775999999
Lick1,2,528870.003776
Lick1,0,528870.34377599997
Feed1,596,528870.35577599995
Lick1,1,528870.51577599999
Lick1,2,528878.01763200003
Lick0,0,528878.02764800005
Feed0,34,528878.03763200005
Lick1,1,528878.28963200003
Lick1,2,528879.03363199998
Lick1,0,528879.34163200005
Feed1,597,528879.35363200004
Lick0,1,528880.49564800004
Lick1,2,528880.50563200004
Lick0,0,528880.51164799999
Feed0,35,528880.52563199995
Lick1,1,528880.73363200005
Lick1,2,528880.86963199999
Lick1,0,528881.41359999997
Feed1,598,528881.4216
Lick0,1,528908.43727999995
Lick1,2,528908.44927999994
Lick0,0,528908.91728000005
Feed0,36,528908.92527999997
Lick1,1,528908.93328
Lick0,2,528908.94927999994
Lick1,0,528909.66124799999
Feed1,599,528909.67526399996
Lick1,1,528909.93324799999
Lick1,2,528910.06726399995
Lick1,0,528910.37526400003
Feed1,600,528910.38726400002
Lick1,1,528910.54326399998
Lick1,2,528910.98524800001
Lick1,0,528911.15724800003
Feed1,601,528911.16524799995
Lick1,1,528911.35724799999
Lick1,2,528911.497248
Lick1,0,528911.93526399997
Feed1,602,528911.94726399996
Lick1,1,528912.07123200002
Lick1,2,528912.54921600001
Lick1,0,528912.68521599995
Feed1,603,528912.69321599999
Lick1,1,528912.82121600001
Lick1,2,528913.26323200006
Lick1,0,528913.431232
Feed1,604,528913.44323199999
Lick1,1,528913.70121600002
Lick1,2,528913.83923200006
Lick1,0,528913.975232
Feed1,605,528913.98323200003
Lick1,1,528914.14320000005
Lick1,2,528914.41520000005
Lick1,0,528914.58518399997
Feed1,606,528914.59920000006
Lick1,1,528914.75318400003
Lick1,2,528915.13119999995
Lick1,0,528915.80720000004
Feed1,607,528915.81920000003
Lick1,1,528915.941184
Lick1,2,528916.11318400002
Lick1,0,528916.24918399996
Feed1,608,528916.26118399994
Lick1,1,528916.38518400001
Lick1,2,528916.85919999995
Lick1,0,528916.9952
Feed1,609,528917.00716799998
Lick1,1,528917.26915199996
Lick1,2,528917.43715200003
Lick1,0,528917.74316800002
Feed1,610,528917.75715199998
Lick1,1,528917.91116799996
Lick1,2,528918.08316799998
Lick1,0,528918.21916800004
Feed1,611,528918.23116800003
Lick1,1,528918.38716799999
Lick1,2,528918.55916800001
Lick1,0,528919.03513600002
Feed1,612,528919.04512000002
Lick1,1,528919.16911999998
Lick1,2,528919.33712000004
Lick1,0,528919.50911999994
Feed1,613,528919.52112000005
Lick1,1,528919.67712000001
Lick1,2,528919.84912000003
Lick1,0,528920.01711999997
Feed1,614,528920.02911999996
Lick1,1,528920.49312
Lick1,2,528920.69712000003
Lick1,0,528920.86511999997
Feed1,615,528920.87513599999
Lick1,1,528921.00511999999
Lick1,2,528921.33913600002
Lick1,0,528921.64713599999
Feed1,616,528921.65913599997
Lick1,1,528921.91712
Lick1,2,528922.123104
Lick1,0,528922.42908799998
Feed1,617,528922.43708800001
Lick1,1,528922.699104
Lick1,2,528922.905088
Lick1,0,528923.07308799995
Feed1,618,528923.08508800005
Lick1,1,528923.24508799997
Lick1,2,528923.41308800003
Lick1,0,528923.547104
Feed1,619,528923.56108799996
Lick1,1,528924.05910399999
Lick1,2,528924.36310399999
Lick1,0,528924.67110399995
Feed1,620,528924.68310400005
Lick1,1,528924.83910400001
Lick1,2,528925.14505599998
Lick1,0,528925.31305600004
Feed1,621,528925.32505600003
Lick1,1,528925.44905599998
Lick1,2,528925.75507199997
Lick1,0,528926.09507200005
Feed1,622,528926.10707200004
Lick1,1,528926.263072
Lick1,2,528926.40307200002
Lick1,0,528926.57107199996
Feed1,623,528926.58307199995
Lick1,1,528926.91107200005
Lick1,2,528927.28304000001
Lick1,0,528927.59103999997
Feed1,624,528927.59904
Lick1,1,528927.82704
Lick1,2,528927.96303999994
Lick1,0,528928.13104000001
Feed1,625,528928.14304
Lick1,1,528928.30304000003
Lick1,2,528928.50303999998
Lick1,0,528928.84303999995
Feed1,626,528928.85504000005
Lick1,1,528929.01503999997
Lick1,2,528929.22102399997
Lick1,0,528929.52304
Feed1,627,528929.53503999999
Lick1,1,528930.13299199997
Lick1,2,528930.44099200005
Lick1,0,528930.78099200001
Feed1,628,528930.792992
Lick1,1,528931.08300800005
Lick1,2,528931.25500799995
Lick1,0,528931.59500800003
Feed1,629,528931.60899199999
Lick1,1,528931.73100799997
Lick1,2,528932.13696000003
Lick1,0,528932.30896000005
Feed1,630,528932.32096000004
Lick1,1,528932.64896000002
Lick1,2,528933.12297599996
Lick1,0,528933.63097599999
Feed1,631,528933.640992
Lick1,1,528933.97097599995
Lick1,2,528934.14297599997
Lick1,0,528934.618976
Feed1,632,528934.62697600003
Lick1,1,528935.09292800003
Lick1,2,528935.53292799997
Lick1,0,528936.24492800003
Feed1,633,528936.25692800002
Lick1,1,528937.12889599998
Lick1,2,528937.57091200002
Lick1,0,528938.01289599994
Feed1,634,528938.02291199996
Lick0,1,528939.23491200001
Lick1,2,528939.24291200005
Lick0,0,528939.25491200003
Feed0,37,528939.26291199995
Lick1,1,528939.64089599997
Lick1,2,528939.81289599999
Lick1,0,528939.94691199996
Feed1,635,528939.95891199994
Lick1,1,528940.08288
Lick0,2,528948.16278400004
Lick1,0,528948.17078399996
Feed1,636,528948.18476800004
Lick1,1,528948.40076800005
Lick0,2,528972.54246400006
Lick1,0,528972.55046399997
Feed1,637,528972.56246399996
Lick0,1,528973.08243199997
Lick1,2,528973.09443199995
Lick0,0,528973.10243199999
Feed0,38,528973.11443199997
Lick1,1,528973.69641600002
Lick1,2,528973.96643200004
Lick0,0,528998.24012800003
Feed0,39,528998.25212800002
Lick1,1,528998.26012800005
Lick1,2,528998.34214399999
Lick1,0,528998.44412799994
Feed1,638,528998.45612800005
Lick1,1,528998.85014400003
Lick1,2,528998.98812800006
Lick0,0,529049.059488
Feed0,40,529049.07148799999
Lick1,1,529049.07948800002
Lick1,2,529049.39948799997
Lick1,0,529049.53555200004
Feed1,639,529049.54748800001
Lick1,1,529049.66950399999
Lick1,2,529049.94348799996
Lick1,0,529050.07948800002
Feed1,640,529050.09148800001
Lick1,1,529050.21548799996
Lick1,2,529050.48550399998
Lick1,0,529050.58748800005
Feed1,641,529050.59948800004
Lick1,1,529050.99750399997
Lick1,2,529051.13145600003
Lick1,0,529051.26745599997
Feed1,642,529051.27945599996
Lick1,1,529051.40147200006
Lick1,2,529051.537472
Lick1,0,529052.08147199999
Feed1,643,529052.09347199998
Lick1,1,529052.21747200005
Lick1,2,529052.52345600002
Lick1,0,529053.06547200005
Feed1,644,529053.07747200003
Lick1,1,529053.20147199999
Lick1,2,529053.33945600002
Lick1,0,529053.50745599996
Feed1,645,529053.51945599995
Lick1,1,529053.64345600002
Lick1,2,529053.77747199999
Lick1,0,529054.21942400001
Feed1,646,529054.23343999998
Lick1,1,529054.35542399995
Lick1,2,529054.49142400001
Lick1,0,529054.62944000005
Feed1,647,529054.63743999996
Lick1,1,529054.93344000005
Lick1,2,529055.06742400001
Lick1,0,529055.47744000005
Feed1,648,529055.48944000003
Lick1,1,529055.61343999999
Lick1,2,529055.74742399994
Lick1,0,529055.883424
Feed1,649,529055.89542399999
Lick1,1,529056.01740799996
Lick1,2,529056.32540800003
Lick1,0,529056.46140799997
Feed1,650,529056.47340799996
Lick1,1,529056.63340799999
Lick1,2,529056.90339200001
Lick1,0,529057.07139199995
Feed1,651,529057.08339199994
Lick1,1,529057.209408
Lick1,2,529057.37740799994
Lick1,0,529057.68540800002
Feed1,652,529057.69340800005
Lick1,1,529057.85340799997
Lick1,2,529057.98940800002
Lick1,0,529058.12339199998
Feed1,653,529058.13539199997
Lick1,1,529058.295392
Lick1,2,529058.43139200006
Lick1,0,529058.599392
Feed1,654,529058.61139199999
Lick1,1,529058.73740800004
Lick1,2,529059.00736000005
Lick1,0,529059.21337600006
Feed1,655,529059.22137599997
Lick1,1,529059.51535999996
Lick1,2,529059.68735999998
Lick1,0,529059.82336000004
Feed1,656,529059.83536000003
Lick1,1,529059.95737600001
Lick1,2,529060.19536000001
Lick1,0,529060.60137599998
Feed1,657,529060.61337599996
Lick1,1,529060.90937600005
Lick1,2,529061.043328
Lick1,0,529061.17932800006
Feed1,658,529061.19132800004
Lick1,1,529061.38332799997
Lick1,2,529061.82534400001
Lick1,0,529062.09532800002
Feed1,659,529062.109344
Lick1,1,529062.33334400004
Lick1,2,529062.60732800001
Lick1,0,529062.94534400001
Feed1,660,529062.95734399999
Lick1,1,529063.11532800004
Lick1,2,529063.38534399995
Lick1,0,529064.33731199999
Feed1,661,529064.34931199998
Lick1,1,529064.91331199999
Lick1,2,529065.62729600002
Lick1,0,529066.03728000005
Feed1,662,529066.04928000004
Lick0,1,529263.44691199996
Lick1,2,529263.45491199999
Lick1,0,529263.58291200001
Feed1,663,529263.594912
Lick1,1,529263.71689599997
Lick1,2,529263.85289600003
Lick1,0,529263.98691199999
Feed1,664,529264.00086399994
Lick1,1,529264.66886400001
Lick1,2,529265.07686399994
Lick1,0,529265.65488000005
Feed1,665,529265.66688000003
Lick1,1,529265.79094400001
Lick1,2,529265.95888000005
Lick1,0,529266.09283199999
Feed1,666,529266.10483199998
Lick1,1,529266.23283200001
Lick1,2,529266.36684799998
Lick1,0,529266.53484800004
Feed1,667,529266.548832
Lick1,1,529266.67084799998
Lick1,2,529266.81084799999
Lick1,0,529266.97683199996
Feed1,668,529266.99088000006
Lick1,1,529267.11283200001
Lick1,2,529267.24883199995
Lick1,0,529267.42083199997
Feed1,669,529267.43283199996
Lick1,1,529267.722848
Lick1,2,529267.86284800002
Lick1,0,529267.99683199998
Feed1,670,529268.01084799995
Lick1,1,529268.40284800006
Lick1,2,529268.538848
Lick1,0,529268.67683200003
Feed1,671,529268.68684800004
Lick1,1,529268.94684800005
Lick1,2,529269.08281599998
Lick1,0,529269.21881600004
Feed1,672,529269.23081600002
Lick1,1,529269.35279999999
Lick1,2,529270.07081599999
Lick1,0,529270.20479999995
Feed1,673,529270.21680000005
Lick1,1,529270.50879999995
Lick1,2,529270.64281600004
Lick1,0,529270.78281600005
Feed1,674,529270.79081599996
Lick1,1,529270.91881599999
Lick1,2,529271.22080000001
Lick1,0,529271.36080000002
Feed1,675,529271.36880000005
Lick1,1,529271.79881599999
Lick1,2,529272.41276800004
Lick1,0,529272.58076799999
Feed1,676,529272.59276799997
Lick1,1,529273.02278400003
Lick1,2,529273.19078399998
Lick1,0,529273.32678400003
Feed1,677,529273.33878400002
Lick1,1,529273.49878400005
Lick1,2,529274.58476799994
Lick1,0,529275.230752
Feed1,678,529275.24275199999
Lick1,1,529275.36675199994
Lick1,2,529275.53475200001
Lick1,0,529275.84073599998
Feed1,679,529275.85273599997
Lick1,1,529276.012736
Lick0,2,529311.09436800005
Lick1,0,529311.10236799996
Feed1,680,529311.11436799995
Lick1,1,529311.29836799996
Lick0,2,529337.03606399999
Lick1,0,529337.05007999996
Feed1,681,529337.06207999995
